"DESCRIPTION","DURATION IN MS","NAME","PARENT SUITE","START TIME","STATUS","STOP TIME","SUB SUITE","SUITE","TEST CLASS","TEST METHOD"
"","4083","transferData_failing_withProxyOriginalResponse_withoutSourceResponseBody()","","Tue Nov 25 18:53:47 UTC 2025","passed","Tue Nov 25 18:53:51 UTC 2025","","org.eclipse.tractusx.edc.tests.transfer.TransferPullEndToEndTest.Dsp08to08","org.eclipse.tractusx.edc.tests.transfer.TransferPullEndToEndTest$Dsp08to08","transferData_failing_withProxyOriginalResponse_withoutSourceResponseBody"
"","10453","httpPushNonFiniteDataTransfer()","","Tue Nov 25 18:55:46 UTC 2025","passed","Tue Nov 25 18:55:57 UTC 2025","","org.eclipse.tractusx.edc.tests.transfer.TransferPushEndToEndTest.Dsp08to08","org.eclipse.tractusx.edc.tests.transfer.TransferPushEndToEndTest$Dsp08to08","httpPushNonFiniteDataTransfer"
"","2459","The Authorization header is missing","","Tue Nov 25 18:52:13 UTC 2025","passed","Tue Nov 25 18:52:15 UTC 2025","","org.eclipse.tractusx.edc.dataplane.tokenrefresh.e2e.DataPlaneTokenRefreshEndToEndTest","org.eclipse.tractusx.edc.dataplane.tokenrefresh.e2e.DataPlaneTokenRefreshEndToEndTest","refresh_missingAuthHeader"
"","2046","transferFile_azureToS3(Vault)","","Tue Nov 25 18:52:49 UTC 2025","passed","Tue Nov 25 18:52:51 UTC 2025","","org.eclipse.tractusx.edc.dataplane.transfer.test.MultiCloudTest","org.eclipse.tractusx.edc.dataplane.transfer.test.MultiCloudTest","transferFile_azureToS3"
"","197","Verify that the consumer receives only the offers he is permitted to (using BPN group validation)","","Tue Nov 25 18:52:18 UTC 2025","passed","Tue Nov 25 18:52:18 UTC 2025","","org.eclipse.tractusx.edc.tests.catalog.CatalogTest","org.eclipse.tractusx.edc.tests.catalog.CatalogTest","requestCatalog_filteredByBpnGroup_shouldReturnOffer"
"","48","Policy is accepted ""Contract reference""","","Tue Nov 25 18:51:52 UTC 2025","passed","Tue Nov 25 18:51:52 UTC 2025","","org.eclipse.tractusx.edc.tests.policy.PolicyDefinitionEndToEndTest","org.eclipse.tractusx.edc.tests.policy.PolicyDefinitionEndToEndTest","shouldAcceptValidPolicyDefinitions"
"","28","Policy is accepted ""Liability""","","Tue Nov 25 18:51:53 UTC 2025","passed","Tue Nov 25 18:51:53 UTC 2025","","org.eclipse.tractusx.edc.tests.policy.PolicyDefinitionEndToEndTest","org.eclipse.tractusx.edc.tests.policy.PolicyDefinitionEndToEndTest","shouldNotAcceptInvalidNamespacePolicyDefinitions"
"","6069","azureBlobPush_withDestFolder()","","Tue Nov 25 18:53:11 UTC 2025","passed","Tue Nov 25 18:53:17 UTC 2025","","org.eclipse.tractusx.edc.tests.transfer.AzureToAzureEndToEndTest","org.eclipse.tractusx.edc.tests.transfer.AzureToAzureEndToEndTest","azureBlobPush_withDestFolder"
"","7092","transferData_privateBackend()","","Tue Nov 25 18:53:31 UTC 2025","passed","Tue Nov 25 18:53:38 UTC 2025","","org.eclipse.tractusx.edc.tests.transfer.DimConsumerPullTest","org.eclipse.tractusx.edc.tests.transfer.DimConsumerPullTest","transferData_privateBackend"
"","53","5.4.2.1 Verifier should reject a presentation response message that contains a different credential than requested","","Tue Nov 25 18:51:16 UTC 2025","passed","Tue Nov 25 18:51:17 UTC 2025","","org.eclipse.dataspacetck.dcp.verification.presentation.verifier.PresentationFlowSection5Test","org.eclipse.dataspacetck.dcp.verification.presentation.verifier.PresentationFlowSection5Test","verifier_05_04_02_01_presentationResponse_tooFewCredentials"
"","2583","Policy is accepted ""MembershipCredential""","","Tue Nov 25 18:51:48 UTC 2025","passed","Tue Nov 25 18:51:50 UTC 2025","","org.eclipse.tractusx.edc.tests.policy.PolicyDefinitionEndToEndTest","org.eclipse.tractusx.edc.tests.policy.PolicyDefinitionEndToEndTest","shouldAcceptValidPolicyDefinitions"
"","5870","Verify that the callbacks are invoked when negotiating an EDR","","Tue Nov 25 18:53:01 UTC 2025","passed","Tue Nov 25 18:53:07 UTC 2025","","org.eclipse.tractusx.edc.tests.edrv2.NegotiateEdrTest","org.eclipse.tractusx.edc.tests.edrv2.NegotiateEdrTest","negotiateEdr_shouldInvokeCallbacks"
"","61","Policy is accepted ""Data Usage End Date""","","Tue Nov 25 18:51:51 UTC 2025","passed","Tue Nov 25 18:51:51 UTC 2025","","org.eclipse.tractusx.edc.tests.policy.PolicyDefinitionEndToEndTest","org.eclipse.tractusx.edc.tests.policy.PolicyDefinitionEndToEndTest","shouldAcceptValidPolicyDefinitions"
"","3028","transferFile_azureToS3MultipleFiles(Vault)","","Tue Nov 25 18:52:42 UTC 2025","passed","Tue Nov 25 18:52:45 UTC 2025","","org.eclipse.tractusx.edc.dataplane.transfer.test.MultiCloudTest","org.eclipse.tractusx.edc.dataplane.transfer.test.MultiCloudTest","transferFile_azureToS3MultipleFiles"
"","40","Policy is not accepted ""Policy with mutually exclusive constraints""","","Tue Nov 25 18:51:53 UTC 2025","passed","Tue Nov 25 18:51:53 UTC 2025","","org.eclipse.tractusx.edc.tests.policy.PolicyDefinitionEndToEndTest","org.eclipse.tractusx.edc.tests.policy.PolicyDefinitionEndToEndTest","shouldNotAcceptInvalidPolicyDefinitions"
"","27","Policy is accepted ""Affiliates Region (IS_ANY_OF, one element)""","","Tue Nov 25 18:51:53 UTC 2025","passed","Tue Nov 25 18:51:53 UTC 2025","","org.eclipse.tractusx.edc.tests.policy.PolicyDefinitionEndToEndTest","org.eclipse.tractusx.edc.tests.policy.PolicyDefinitionEndToEndTest","shouldNotAcceptInvalidNamespacePolicyDefinitions"
"","51","5.4.3.6 Verifier should reject a credential that is not yet valid","","Tue Nov 25 18:51:16 UTC 2025","passed","Tue Nov 25 18:51:16 UTC 2025","","org.eclipse.dataspacetck.dcp.verification.presentation.verifier.PresentationFlowSection5Test","org.eclipse.dataspacetck.dcp.verification.presentation.verifier.PresentationFlowSection5Test","verifier_05_04_03_06_presentationResponse_notYetValidCredential"
"","3541","transferData_failing_withProxyOriginalResponse_withoutSourceResponseBody()","","Tue Nov 25 18:54:57 UTC 2025","passed","Tue Nov 25 18:55:00 UTC 2025","","org.eclipse.tractusx.edc.tests.transfer.TransferPullEndToEndTest.Dsp2025to2025","org.eclipse.tractusx.edc.tests.transfer.TransferPullEndToEndTest$Dsp2025to2025","transferData_failing_withProxyOriginalResponse_withoutSourceResponseBody"
"","36","Policy is accepted ""Data Usage End Duration Days""","","Tue Nov 25 18:51:53 UTC 2025","passed","Tue Nov 25 18:51:53 UTC 2025","","org.eclipse.tractusx.edc.tests.policy.PolicyDefinitionEndToEndTest","org.eclipse.tractusx.edc.tests.policy.PolicyDefinitionEndToEndTest","shouldNotAcceptInvalidNamespacePolicyDefinitions"
"","12163","azureBlobPush_withoutDestFolder()","","Tue Nov 25 18:52:59 UTC 2025","passed","Tue Nov 25 18:53:11 UTC 2025","","org.eclipse.tractusx.edc.tests.transfer.AzureToAzureEndToEndTest","org.eclipse.tractusx.edc.tests.transfer.AzureToAzureEndToEndTest","azureBlobPush_withoutDestFolder"
"","30","Policy is accepted ""Version Changes""","","Tue Nov 25 18:51:53 UTC 2025","passed","Tue Nov 25 18:51:53 UTC 2025","","org.eclipse.tractusx.edc.tests.policy.PolicyDefinitionEndToEndTest","org.eclipse.tractusx.edc.tests.policy.PolicyDefinitionEndToEndTest","shouldNotAcceptInvalidNamespacePolicyDefinitions"
"","60","Policy is accepted ""Business Partner Group""","","Tue Nov 25 18:51:52 UTC 2025","passed","Tue Nov 25 18:51:52 UTC 2025","","org.eclipse.tractusx.edc.tests.policy.PolicyDefinitionEndToEndTest","org.eclipse.tractusx.edc.tests.policy.PolicyDefinitionEndToEndTest","shouldAcceptValidPolicyDefinitions"
"","20398","transferFile_largeFile(long, Vault) File size bytes: 536870912","","Tue Nov 25 18:51:48 UTC 2025","passed","Tue Nov 25 18:52:08 UTC 2025","","org.eclipse.tractusx.edc.dataplane.transfer.test.AzureToAzureTest","org.eclipse.tractusx.edc.dataplane.transfer.test.AzureToAzureTest","transferFile_largeFile"
"","84","Policy is accepted ""DataExchangeGovernance use case""","","Tue Nov 25 18:51:50 UTC 2025","passed","Tue Nov 25 18:51:51 UTC 2025","","org.eclipse.tractusx.edc.tests.policy.PolicyDefinitionEndToEndTest","org.eclipse.tractusx.edc.tests.policy.PolicyDefinitionEndToEndTest","shouldAcceptValidPolicyDefinitions"
"","70","Policy is accepted ""Data Usage End Duration Days""","","Tue Nov 25 18:51:51 UTC 2025","passed","Tue Nov 25 18:51:51 UTC 2025","","org.eclipse.tractusx.edc.tests.policy.PolicyDefinitionEndToEndTest","org.eclipse.tractusx.edc.tests.policy.PolicyDefinitionEndToEndTest","shouldAcceptValidPolicyDefinitions"
"","26","Policy is accepted ""Jurisdiction Location Reference""","","Tue Nov 25 18:51:53 UTC 2025","passed","Tue Nov 25 18:51:53 UTC 2025","","org.eclipse.tractusx.edc.tests.policy.PolicyDefinitionEndToEndTest","org.eclipse.tractusx.edc.tests.policy.PolicyDefinitionEndToEndTest","shouldNotAcceptInvalidNamespacePolicyDefinitions"
"","31","Policy is accepted ""Business Partner Group""","","Tue Nov 25 18:51:54 UTC 2025","passed","Tue Nov 25 18:51:54 UTC 2025","","org.eclipse.tractusx.edc.tests.policy.PolicyDefinitionEndToEndTest","org.eclipse.tractusx.edc.tests.policy.PolicyDefinitionEndToEndTest","shouldNotAcceptInvalidNamespacePolicyDefinitions"
"","24","Policy is accepted ""Liability""","","Tue Nov 25 18:51:53 UTC 2025","passed","Tue Nov 25 18:51:53 UTC 2025","","org.eclipse.tractusx.edc.tests.policy.PolicyDefinitionEndToEndTest","org.eclipse.tractusx.edc.tests.policy.PolicyDefinitionEndToEndTest","shouldNotAcceptInvalidNamespacePolicyDefinitions"
"","56","5.4.2.4 Verifier should reject an a presentation where a requested credential is missing","","Tue Nov 25 18:51:16 UTC 2025","passed","Tue Nov 25 18:51:16 UTC 2025","","org.eclipse.dataspacetck.dcp.verification.presentation.verifier.PresentationFlowSection5Test","org.eclipse.dataspacetck.dcp.verification.presentation.verifier.PresentationFlowSection5Test","verifier_05_04_02_04_presentationResponse_emptyCredentials"
"","70","BusinessPartnerDeleted event is published","","Tue Nov 25 18:51:29 UTC 2025","passed","Tue Nov 25 18:51:29 UTC 2025","","org.eclipse.tractusx.edc.tests.bpn.events.BusinessPartnerEventTest","org.eclipse.tractusx.edc.tests.bpn.events.BusinessPartnerEventTest","shouldPublishBusinessPartnerDeletedEvent"
"","5941","transferData_privateBackend_withConsumerDataPlane()","","Tue Nov 25 18:54:23 UTC 2025","passed","Tue Nov 25 18:54:29 UTC 2025","","org.eclipse.tractusx.edc.tests.transfer.StsConsumerPullTest","org.eclipse.tractusx.edc.tests.transfer.StsConsumerPullTest","transferData_privateBackend_withConsumerDataPlane"
"","53","Policy is accepted ""Warranty Duration Months""","","Tue Nov 25 18:51:52 UTC 2025","passed","Tue Nov 25 18:51:52 UTC 2025","","org.eclipse.tractusx.edc.tests.policy.PolicyDefinitionEndToEndTest","org.eclipse.tractusx.edc.tests.policy.PolicyDefinitionEndToEndTest","shouldAcceptValidPolicyDefinitions"
"","30","Policy is accepted ""Data Usage End Date Definition""","","Tue Nov 25 18:51:53 UTC 2025","passed","Tue Nov 25 18:51:53 UTC 2025","","org.eclipse.tractusx.edc.tests.policy.PolicyDefinitionEndToEndTest","org.eclipse.tractusx.edc.tests.policy.PolicyDefinitionEndToEndTest","shouldNotAcceptInvalidNamespacePolicyDefinitions"
"","43","Policy is accepted ""Business Partner Number""","","Tue Nov 25 18:51:54 UTC 2025","passed","Tue Nov 25 18:51:54 UTC 2025","","org.eclipse.tractusx.edc.tests.policy.PolicyDefinitionEndToEndTest","org.eclipse.tractusx.edc.tests.policy.PolicyDefinitionEndToEndTest","shouldNotAcceptInvalidNamespacePolicyDefinitions"
"","31","Policy is not accepted ""Policy with unknown actions types""","","Tue Nov 25 18:51:52 UTC 2025","passed","Tue Nov 25 18:51:53 UTC 2025","","org.eclipse.tractusx.edc.tests.policy.PolicyDefinitionEndToEndTest","org.eclipse.tractusx.edc.tests.policy.PolicyDefinitionEndToEndTest","shouldNotAcceptInvalidPolicyDefinitions"
"","7148","transferFile_success()","","Tue Nov 25 18:54:27 UTC 2025","passed","Tue Nov 25 18:54:34 UTC 2025","","org.eclipse.tractusx.edc.tests.transfer.S3ToS3EndToEndTest","org.eclipse.tractusx.edc.tests.transfer.S3ToS3EndToEndTest","transferFile_success"
"","9104","transferFile_withBucketCreation_success()","","Tue Nov 25 18:54:18 UTC 2025","passed","Tue Nov 25 18:54:27 UTC 2025","","org.eclipse.tractusx.edc.tests.transfer.S3ToS3EndToEndTest","org.eclipse.tractusx.edc.tests.transfer.S3ToS3EndToEndTest","transferFile_withBucketCreation_success"
"","5641","Contract policy is fulfilled ""DataExchangeGovernance use case""","","Tue Nov 25 18:54:33 UTC 2025","passed","Tue Nov 25 18:54:39 UTC 2025","","org.eclipse.tractusx.edc.tests.transfer.StsConsumerPullTest","org.eclipse.tractusx.edc.tests.transfer.StsConsumerPullTest","transferData_whenContractPolicyFulfilled"
"","349","retireAgreement_shouldFail_whenAgreementDoesNotExist()","","Tue Nov 25 18:52:46 UTC 2025","passed","Tue Nov 25 18:52:46 UTC 2025","","org.eclipse.tractusx.edc.tests.transfer.RetireAgreementTest","org.eclipse.tractusx.edc.tests.transfer.RetireAgreementTest","retireAgreement_shouldFail_whenAgreementDoesNotExist"
"","342","Consumer gets catalog from the provider. No constraints.","","Tue Nov 25 18:51:38 UTC 2025","passed","Tue Nov 25 18:51:38 UTC 2025","","org.eclipse.tractusx.edc.tests.catalog.CatalogTest","org.eclipse.tractusx.edc.tests.catalog.CatalogTest","requestCatalog_fulfillsPolicy_shouldReturnOffer"
"","35","Policy is accepted ""Affiliates BPNL""","","Tue Nov 25 18:51:53 UTC 2025","passed","Tue Nov 25 18:51:53 UTC 2025","","org.eclipse.tractusx.edc.tests.policy.PolicyDefinitionEndToEndTest","org.eclipse.tractusx.edc.tests.policy.PolicyDefinitionEndToEndTest","shouldNotAcceptInvalidNamespacePolicyDefinitions"
"","48","Policy is accepted ""Warranty Definition""","","Tue Nov 25 18:51:52 UTC 2025","passed","Tue Nov 25 18:51:52 UTC 2025","","org.eclipse.tractusx.edc.tests.policy.PolicyDefinitionEndToEndTest","org.eclipse.tractusx.edc.tests.policy.PolicyDefinitionEndToEndTest","shouldAcceptValidPolicyDefinitions"
"","28","discoveryShouldReturn400_ifRequestHasMissingProps()","","Tue Nov 25 18:52:47 UTC 2025","passed","Tue Nov 25 18:52:47 UTC 2025","","org.eclipse.tractusx.edc.discovery.e2e.DiscoveryTest","org.eclipse.tractusx.edc.discovery.e2e.DiscoveryTest","discoveryShouldReturn400_ifRequestHasMissingProps"
"","1095","4.3.3 Verify invalid access token - nbf in future","","Tue Nov 25 18:51:14 UTC 2025","passed","Tue Nov 25 18:51:15 UTC 2025","","org.eclipse.dataspacetck.dcp.verification.presentation.verifier.PresentationFlowSection4Test","org.eclipse.dataspacetck.dcp.verification.presentation.verifier.PresentationFlowSection4Test","verifier_04_03_03_idTokenNbfInFuture"
"","2975","transferData_success_withProxyOriginalResponse_withoutSourceResponseBody()","","Tue Nov 25 18:54:33 UTC 2025","passed","Tue Nov 25 18:54:36 UTC 2025","","org.eclipse.tractusx.edc.tests.transfer.TransferPullEndToEndTest.Dsp2025to2025","org.eclipse.tractusx.edc.tests.transfer.TransferPullEndToEndTest$Dsp2025to2025","transferData_success_withProxyOriginalResponse_withoutSourceResponseBody"
"","89","BusinessPartnerUpdated event is published","","Tue Nov 25 18:51:29 UTC 2025","passed","Tue Nov 25 18:51:29 UTC 2025","","org.eclipse.tractusx.edc.tests.bpn.events.BusinessPartnerEventTest","org.eclipse.tractusx.edc.tests.bpn.events.BusinessPartnerEventTest","shouldPublishBusinessPartnerUpdatedEvent"
"","51","Policy is accepted ""Warranty""","","Tue Nov 25 18:51:51 UTC 2025","passed","Tue Nov 25 18:51:52 UTC 2025","","org.eclipse.tractusx.edc.tests.policy.PolicyDefinitionEndToEndTest","org.eclipse.tractusx.edc.tests.policy.PolicyDefinitionEndToEndTest","shouldAcceptValidPolicyDefinitions"
"","66","Policy is accepted ""Version Changes""","","Tue Nov 25 18:51:51 UTC 2025","passed","Tue Nov 25 18:51:51 UTC 2025","","org.eclipse.tractusx.edc.tests.policy.PolicyDefinitionEndToEndTest","org.eclipse.tractusx.edc.tests.policy.PolicyDefinitionEndToEndTest","shouldAcceptValidPolicyDefinitions"
"","85","Verifier should reject an auth token without the Bearer prefix","","Tue Nov 25 18:51:15 UTC 2025","passed","Tue Nov 25 18:51:15 UTC 2025","","org.eclipse.dataspacetck.dcp.verification.presentation.verifier.PresentationFlowSection4Test","org.eclipse.dataspacetck.dcp.verification.presentation.verifier.PresentationFlowSection4Test","presentationResponse_rejectMissingBearerPrefix"
"","4096","transferData_success_withProxyOriginalResponse()","","Tue Nov 25 18:55:00 UTC 2025","passed","Tue Nov 25 18:55:04 UTC 2025","","org.eclipse.tractusx.edc.tests.transfer.TransferPullEndToEndTest.Dsp2025to2025","org.eclipse.tractusx.edc.tests.transfer.TransferPullEndToEndTest$Dsp2025to2025","transferData_success_withProxyOriginalResponse"
"","30","Policy is not accepted ""Usage policy prohibition with not allowed constraints""","","Tue Nov 25 18:51:53 UTC 2025","passed","Tue Nov 25 18:51:53 UTC 2025","","org.eclipse.tractusx.edc.tests.policy.PolicyDefinitionEndToEndTest","org.eclipse.tractusx.edc.tests.policy.PolicyDefinitionEndToEndTest","shouldNotAcceptInvalidPolicyDefinitions"
"","69","Policy is accepted ""Data Usage End Date Definition""","","Tue Nov 25 18:51:51 UTC 2025","passed","Tue Nov 25 18:51:51 UTC 2025","","org.eclipse.tractusx.edc.tests.policy.PolicyDefinitionEndToEndTest","org.eclipse.tractusx.edc.tests.policy.PolicyDefinitionEndToEndTest","shouldAcceptValidPolicyDefinitions"
"","27","Policy is not accepted ""Access Policy with prohibition rule""","","Tue Nov 25 18:51:53 UTC 2025","passed","Tue Nov 25 18:51:53 UTC 2025","","org.eclipse.tractusx.edc.tests.policy.PolicyDefinitionEndToEndTest","org.eclipse.tractusx.edc.tests.policy.PolicyDefinitionEndToEndTest","shouldNotAcceptInvalidPolicyDefinitions"
"","38","discoveryShouldReturn500_ifMetadaEndpointNotReachable()","","Tue Nov 25 18:52:47 UTC 2025","passed","Tue Nov 25 18:52:47 UTC 2025","","org.eclipse.tractusx.edc.discovery.e2e.DiscoveryTest","org.eclipse.tractusx.edc.discovery.e2e.DiscoveryTest","discoveryShouldReturn500_ifMetadaEndpointNotReachable"
"","6043","httpPushDataTransfer_withLegacyUsagePolicy()","","Tue Nov 25 18:56:16 UTC 2025","passed","Tue Nov 25 18:56:22 UTC 2025","","org.eclipse.tractusx.edc.tests.transfer.TransferPushEndToEndTest.Dsp2025to2025","org.eclipse.tractusx.edc.tests.transfer.TransferPushEndToEndTest$Dsp2025to2025","httpPushDataTransfer_withLegacyUsagePolicy"
"","8948","Verify all existing TPs related to an agreement are terminated upon its retirement","","Tue Nov 25 18:52:46 UTC 2025","passed","Tue Nov 25 18:52:55 UTC 2025","","org.eclipse.tractusx.edc.tests.transfer.RetireAgreementTest","org.eclipse.tractusx.edc.tests.transfer.RetireAgreementTest","retireAgreement_shouldCloseTransferProcesses"
"","216","Expect the Catalog request to fail if a credential is revoked","","Tue Nov 25 18:53:41 UTC 2025","passed","Tue Nov 25 18:53:41 UTC 2025","","org.eclipse.tractusx.edc.tests.transfer.DimConsumerPullTest","org.eclipse.tractusx.edc.tests.transfer.DimConsumerPullTest","catalogRequest_whenCredentialRevoked"
"","50","Policy is accepted ""Business Partner Number""","","Tue Nov 25 18:51:52 UTC 2025","passed","Tue Nov 25 18:51:52 UTC 2025","","org.eclipse.tractusx.edc.tests.policy.PolicyDefinitionEndToEndTest","org.eclipse.tractusx.edc.tests.policy.PolicyDefinitionEndToEndTest","shouldAcceptValidPolicyDefinitions"
"","4243","Run TCK Presentation Flow tests","","Tue Nov 25 18:51:12 UTC 2025","passed","Tue Nov 25 18:51:17 UTC 2025","","org.eclipse.tractusx.edc.tests.tck.dcp.DcpPresentationFlowTest","org.eclipse.tractusx.edc.tests.tck.dcp.DcpPresentationFlowTest","runPresentationFlowTests"
"","5430","When multiple requests to refresh, to different edrs, verify all return non expired token","","Tue Nov 25 18:52:34 UTC 2025","passed","Tue Nov 25 18:52:40 UTC 2025","","org.eclipse.tractusx.edc.tests.edrv2.EdrCacheApiEndToEndTest","org.eclipse.tractusx.edc.tests.edrv2.EdrCacheApiEndToEndTest","getEdrWithRefresh_subsequentRequestReturn"
"","86","Policy is accepted ""ContractTermination""","","Tue Nov 25 18:51:52 UTC 2025","passed","Tue Nov 25 18:51:52 UTC 2025","","org.eclipse.tractusx.edc.tests.policy.PolicyDefinitionEndToEndTest","org.eclipse.tractusx.edc.tests.policy.PolicyDefinitionEndToEndTest","shouldAcceptValidPolicyDefinitions"
"","58","Policy is accepted ""Precedence""","","Tue Nov 25 18:51:51 UTC 2025","passed","Tue Nov 25 18:51:51 UTC 2025","","org.eclipse.tractusx.edc.tests.policy.PolicyDefinitionEndToEndTest","org.eclipse.tractusx.edc.tests.policy.PolicyDefinitionEndToEndTest","shouldAcceptValidPolicyDefinitions"
"","26","Policy is accepted ""Confidential Information Measures""","","Tue Nov 25 18:51:54 UTC 2025","passed","Tue Nov 25 18:51:54 UTC 2025","","org.eclipse.tractusx.edc.tests.policy.PolicyDefinitionEndToEndTest","org.eclipse.tractusx.edc.tests.policy.PolicyDefinitionEndToEndTest","shouldNotAcceptInvalidNamespacePolicyDefinitions"
"","43","4.3.3 Verify invalid access token - sub does not match DID document id","","Tue Nov 25 18:51:16 UTC 2025","passed","Tue Nov 25 18:51:16 UTC 2025","","org.eclipse.dataspacetck.dcp.verification.presentation.verifier.PresentationFlowSection4Test","org.eclipse.dataspacetck.dcp.verification.presentation.verifier.PresentationFlowSection4Test","verifier_04_03_03_idTokenIncorrectSub"
"","37","Policy is not accepted ""Usage policy obligation with not allowed constraints""","","Tue Nov 25 18:51:53 UTC 2025","passed","Tue Nov 25 18:51:53 UTC 2025","","org.eclipse.tractusx.edc.tests.policy.PolicyDefinitionEndToEndTest","org.eclipse.tractusx.edc.tests.policy.PolicyDefinitionEndToEndTest","shouldNotAcceptInvalidPolicyDefinitions"
"","45","4.3.1 Verifier should reject an ID token that does not contain an access token","","Tue Nov 25 18:51:15 UTC 2025","passed","Tue Nov 25 18:51:15 UTC 2025","","org.eclipse.dataspacetck.dcp.verification.presentation.verifier.PresentationFlowSection4Test","org.eclipse.dataspacetck.dcp.verification.presentation.verifier.PresentationFlowSection4Test","verifier_04_03_01_presentationResponse_idTokenNoTokenClaim"
"","48","Provider gets 400 when no asset selector is used","","Tue Nov 25 18:52:22 UTC 2025","passed","Tue Nov 25 18:52:22 UTC 2025","","org.eclipse.tractusx.edc.tests.validators.EmptyAssetSelectorValidatorTest","org.eclipse.tractusx.edc.tests.validators.EmptyAssetSelectorValidatorTest","shouldFail_whenContractDefinitionHasNoAssetSelector"
"","55","Policy is accepted ""In force date policy""","","Tue Nov 25 18:51:52 UTC 2025","passed","Tue Nov 25 18:51:52 UTC 2025","","org.eclipse.tractusx.edc.tests.policy.PolicyDefinitionEndToEndTest","org.eclipse.tractusx.edc.tests.policy.PolicyDefinitionEndToEndTest","shouldAcceptValidPolicyDefinitions"
"","15757","Malicious actor should not impersonate a consumer by creating a VP with the consumer membership credential","","Tue Nov 25 18:52:46 UTC 2025","passed","Tue Nov 25 18:53:02 UTC 2025","","org.eclipse.tractusx.edc.tests.transfer.CredentialSpoofTest","org.eclipse.tractusx.edc.tests.transfer.CredentialSpoofTest","shouldNotImpersonateConsumer_withWrappedConsumerCredential"
"","4059","transferData_success_withProxyOriginalResponse_withoutSourceResponseBody()","","Tue Nov 25 18:53:25 UTC 2025","passed","Tue Nov 25 18:53:29 UTC 2025","","org.eclipse.tractusx.edc.tests.transfer.TransferPullEndToEndTest.Dsp08to08","org.eclipse.tractusx.edc.tests.transfer.TransferPullEndToEndTest$Dsp08to08","transferData_success_withProxyOriginalResponse_withoutSourceResponseBody"
"","92","Provider gets 200 when asset selector has a valid criterion","","Tue Nov 25 18:52:22 UTC 2025","passed","Tue Nov 25 18:52:22 UTC 2025","","org.eclipse.tractusx.edc.tests.validators.EmptyAssetSelectorValidatorTest","org.eclipse.tractusx.edc.tests.validators.EmptyAssetSelectorValidatorTest","shouldPass_whenContractDefinitionHasCorrectAssetSelector"
"","70","5.4.2.2 Verifier should accept a presentation response message that contains more credentials than requested","","Tue Nov 25 18:51:16 UTC 2025","passed","Tue Nov 25 18:51:16 UTC 2025","","org.eclipse.dataspacetck.dcp.verification.presentation.verifier.PresentationFlowSection5Test","org.eclipse.dataspacetck.dcp.verification.presentation.verifier.PresentationFlowSection5Test","verifier_05_04_02_02_presentationResponse_tooManyCredentials"
"","2026","discoveryShouldReturn500_whenNoProtocolsAvailable()","","Tue Nov 25 18:52:29 UTC 2025","passed","Tue Nov 25 18:52:31 UTC 2025","","org.eclipse.tractusx.edc.discovery.e2e.DiscoveryTest","org.eclipse.tractusx.edc.discovery.e2e.DiscoveryTest","discoveryShouldReturn500_whenNoProtocolsAvailable"
"","2958","Contract policy is fulfilled ""DataExchangeGovernance use case""","","Tue Nov 25 18:53:44 UTC 2025","passed","Tue Nov 25 18:53:47 UTC 2025","","org.eclipse.tractusx.edc.tests.transfer.DimConsumerPullTest","org.eclipse.tractusx.edc.tests.transfer.DimConsumerPullTest","transferData_whenContractPolicyFulfilled"
"","77","X.X Verifier should reject Presentations where at least 1 credential schema is violated","","Tue Nov 25 18:51:16 UTC 2025","passed","Tue Nov 25 18:51:16 UTC 2025","","org.eclipse.dataspacetck.dcp.verification.presentation.verifier.PresentationFlowSection5Test","org.eclipse.dataspacetck.dcp.verification.presentation.verifier.PresentationFlowSection5Test","verifier_x_x_presentationResponse_invalidCredentialSchema"
"","64","Policy is accepted ""Liability""","","Tue Nov 25 18:51:51 UTC 2025","passed","Tue Nov 25 18:51:51 UTC 2025","","org.eclipse.tractusx.edc.tests.policy.PolicyDefinitionEndToEndTest","org.eclipse.tractusx.edc.tests.policy.PolicyDefinitionEndToEndTest","shouldAcceptValidPolicyDefinitions"
"","67","Policy is accepted ""Affiliates BPNL""","","Tue Nov 25 18:51:51 UTC 2025","passed","Tue Nov 25 18:51:51 UTC 2025","","org.eclipse.tractusx.edc.tests.policy.PolicyDefinitionEndToEndTest","org.eclipse.tractusx.edc.tests.policy.PolicyDefinitionEndToEndTest","shouldAcceptValidPolicyDefinitions"
"","3199","Verify that the consumer receives only the offers he is permitted to (using the legacy CX policy)","","Tue Nov 25 18:51:34 UTC 2025","passed","Tue Nov 25 18:51:37 UTC 2025","","org.eclipse.tractusx.edc.tests.catalog.CatalogTest","org.eclipse.tractusx.edc.tests.catalog.CatalogTest","requestCatalog_filteredByBpn_UsingLegacyCxPolicy_shouldReject"
"","2382","Refresh token success","","Tue Nov 25 18:52:32 UTC 2025","passed","Tue Nov 25 18:52:34 UTC 2025","","org.eclipse.tractusx.edc.dataplane.tokenrefresh.e2e.DataPlaneTokenRefreshEndToEndTest","org.eclipse.tractusx.edc.dataplane.tokenrefresh.e2e.DataPlaneTokenRefreshEndToEndTest","refresh_success"
"","194","Multiple ContractDefinitions exist for one Asset","","Tue Nov 25 18:52:18 UTC 2025","passed","Tue Nov 25 18:52:18 UTC 2025","","org.eclipse.tractusx.edc.tests.catalog.CatalogTest","org.eclipse.tractusx.edc.tests.catalog.CatalogTest","requestCatalog_multipleOffersForAsset"
"","26","Policy is accepted ""Warranty""","","Tue Nov 25 18:51:53 UTC 2025","passed","Tue Nov 25 18:51:53 UTC 2025","","org.eclipse.tractusx.edc.tests.policy.PolicyDefinitionEndToEndTest","org.eclipse.tractusx.edc.tests.policy.PolicyDefinitionEndToEndTest","shouldNotAcceptInvalidNamespacePolicyDefinitions"
"","5022","transferData_privateBackend()","","Tue Nov 25 18:54:18 UTC 2025","passed","Tue Nov 25 18:54:23 UTC 2025","","org.eclipse.tractusx.edc.tests.transfer.StsConsumerPullTest","org.eclipse.tractusx.edc.tests.transfer.StsConsumerPullTest","transferData_privateBackend"
"","57","4.3.3 Verify invalid access token - expired","","Tue Nov 25 18:51:15 UTC 2025","passed","Tue Nov 25 18:51:15 UTC 2025","","org.eclipse.dataspacetck.dcp.verification.presentation.verifier.PresentationFlowSection4Test","org.eclipse.dataspacetck.dcp.verification.presentation.verifier.PresentationFlowSection4Test","verifier_04_03_03_idTokenExpired"
"","150962","assertDspCompatibility()","","Tue Nov 25 18:51:44 UTC 2025","passed","Tue Nov 25 18:54:15 UTC 2025","","org.eclipse.tractusx.edc.tests.tck.dsp.EdcCompatibilityPostgresTest","org.eclipse.tractusx.edc.tests.tck.dsp.EdcCompatibilityPostgresTest","assertDspCompatibility"
"","14234","transferData_withTerminate()","","Tue Nov 25 18:54:43 UTC 2025","passed","Tue Nov 25 18:54:57 UTC 2025","","org.eclipse.tractusx.edc.tests.transfer.TransferPullEndToEndTest.Dsp2025to2025","org.eclipse.tractusx.edc.tests.transfer.TransferPullEndToEndTest$Dsp2025to2025","transferData_withTerminate"
"","42","Policy is accepted ""Usage Purpose""","","Tue Nov 25 18:51:53 UTC 2025","passed","Tue Nov 25 18:51:53 UTC 2025","","org.eclipse.tractusx.edc.tests.policy.PolicyDefinitionEndToEndTest","org.eclipse.tractusx.edc.tests.policy.PolicyDefinitionEndToEndTest","shouldNotAcceptInvalidNamespacePolicyDefinitions"
"","92","5.4.3.7 Verifier should reject an expired credential","","Tue Nov 25 18:51:16 UTC 2025","passed","Tue Nov 25 18:51:16 UTC 2025","","org.eclipse.dataspacetck.dcp.verification.presentation.verifier.PresentationFlowSection5Test","org.eclipse.dataspacetck.dcp.verification.presentation.verifier.PresentationFlowSection5Test","verifier_05_04_03_07_presentationResponse_expiredCredential"
"","167","triggerDataTransfer_shouldFail_whenDataFlowIsFinite()","","Tue Nov 25 18:52:22 UTC 2025","passed","Tue Nov 25 18:52:22 UTC 2025","","org.eclipse.tractusx.edc.tests.transfer.DataFlowApiEndToEndTest","org.eclipse.tractusx.edc.tests.transfer.DataFlowApiEndToEndTest","triggerDataTransfer_shouldFail_whenDataFlowIsFinite"
"","27","Policy is not accepted ""Access policy permission with not allowed constraints""","","Tue Nov 25 18:51:53 UTC 2025","passed","Tue Nov 25 18:51:53 UTC 2025","","org.eclipse.tractusx.edc.tests.policy.PolicyDefinitionEndToEndTest","org.eclipse.tractusx.edc.tests.policy.PolicyDefinitionEndToEndTest","shouldNotAcceptInvalidPolicyDefinitions"
"","571","Verify that the consumer receives only the offers he is permitted to (using the legacy BPN validation)","","Tue Nov 25 18:51:37 UTC 2025","passed","Tue Nov 25 18:51:38 UTC 2025","","org.eclipse.tractusx.edc.tests.catalog.CatalogTest","org.eclipse.tractusx.edc.tests.catalog.CatalogTest","requestCatalog_filteredByBpnLegacy_WithNamespace_shouldReject"
"","7203","azureBlobPush_containerNotExist()","","Tue Nov 25 18:53:17 UTC 2025","passed","Tue Nov 25 18:53:24 UTC 2025","","org.eclipse.tractusx.edc.tests.transfer.AzureToAzureEndToEndTest","org.eclipse.tractusx.edc.tests.transfer.AzureToAzureEndToEndTest","azureBlobPush_containerNotExist"
"","72","Policy is accepted ""Affiliates Region""","","Tue Nov 25 18:51:51 UTC 2025","passed","Tue Nov 25 18:51:51 UTC 2025","","org.eclipse.tractusx.edc.tests.policy.PolicyDefinitionEndToEndTest","org.eclipse.tractusx.edc.tests.policy.PolicyDefinitionEndToEndTest","shouldAcceptValidPolicyDefinitions"
"","40","Policy is accepted ""Warranty Duration Months""","","Tue Nov 25 18:51:53 UTC 2025","passed","Tue Nov 25 18:51:53 UTC 2025","","org.eclipse.tractusx.edc.tests.policy.PolicyDefinitionEndToEndTest","org.eclipse.tractusx.edc.tests.policy.PolicyDefinitionEndToEndTest","shouldNotAcceptInvalidNamespacePolicyDefinitions"
"","92","discoveryShouldReturn08DspParams_whenDsp2025NotAvailable()","","Tue Nov 25 18:52:47 UTC 2025","passed","Tue Nov 25 18:52:47 UTC 2025","","org.eclipse.tractusx.edc.discovery.e2e.DiscoveryTest","org.eclipse.tractusx.edc.discovery.e2e.DiscoveryTest","discoveryShouldReturn08DspParams_whenDsp2025NotAvailable"
"","7148","The authentication token misses required claims: token","","Tue Nov 25 18:52:05 UTC 2025","passed","Tue Nov 25 18:52:12 UTC 2025","","org.eclipse.tractusx.edc.dataplane.tokenrefresh.e2e.DataPlaneTokenRefreshEndToEndTest","org.eclipse.tractusx.edc.dataplane.tokenrefresh.e2e.DataPlaneTokenRefreshEndToEndTest","refresh_invalidAuthenticationToken_missingAccessToken"
"","3","verifyAgentId_whenNoMembershipCredential_forDsp2025(DataspaceProfileContextRegistry)","","Tue Nov 25 18:53:58 UTC 2025","passed","Tue Nov 25 18:53:58 UTC 2025","","org.eclipse.tractusx.edc.tests.transfer.IdentityExtractionTest","org.eclipse.tractusx.edc.tests.transfer.IdentityExtractionTest","verifyAgentId_whenNoMembershipCredential_forDsp2025"
"","938","triggerDataTransfer_shouldFail_whenDataFlowIsNotPushFlowType()","","Tue Nov 25 18:52:21 UTC 2025","passed","Tue Nov 25 18:52:22 UTC 2025","","org.eclipse.tractusx.edc.tests.transfer.DataFlowApiEndToEndTest","org.eclipse.tractusx.edc.tests.transfer.DataFlowApiEndToEndTest","triggerDataTransfer_shouldFail_whenDataFlowIsNotPushFlowType"
"","45","5.4.2.3 Verifier should reject an empty 'presentation' array","","Tue Nov 25 18:51:16 UTC 2025","passed","Tue Nov 25 18:51:16 UTC 2025","","org.eclipse.dataspacetck.dcp.verification.presentation.verifier.PresentationFlowSection5Test","org.eclipse.dataspacetck.dcp.verification.presentation.verifier.PresentationFlowSection5Test","verifier_05_04_02_03_presentationResponse_emptyPresentations"
"","56","4.3.3 Verify invalid access token - iss and sub different","","Tue Nov 25 18:51:15 UTC 2025","passed","Tue Nov 25 18:51:15 UTC 2025","","org.eclipse.dataspacetck.dcp.verification.presentation.verifier.PresentationFlowSection4Test","org.eclipse.dataspacetck.dcp.verification.presentation.verifier.PresentationFlowSection4Test","verifier_04_03_03_idTokenInvalidSub"
"","2381","The sign key of the authentication token is different from the public key from the DID","","Tue Nov 25 18:52:27 UTC 2025","passed","Tue Nov 25 18:52:30 UTC 2025","","org.eclipse.tractusx.edc.dataplane.tokenrefresh.e2e.DataPlaneTokenRefreshEndToEndTest","org.eclipse.tractusx.edc.dataplane.tokenrefresh.e2e.DataPlaneTokenRefreshEndToEndTest","refresh_spoofedAuthToken"
"","29","Policy is accepted ""Exclusive Usage""","","Tue Nov 25 18:51:53 UTC 2025","passed","Tue Nov 25 18:51:53 UTC 2025","","org.eclipse.tractusx.edc.tests.policy.PolicyDefinitionEndToEndTest","org.eclipse.tractusx.edc.tests.policy.PolicyDefinitionEndToEndTest","shouldNotAcceptInvalidNamespacePolicyDefinitions"
"","722","refreshEdr()","","Tue Nov 25 18:52:33 UTC 2025","passed","Tue Nov 25 18:52:34 UTC 2025","","org.eclipse.tractusx.edc.tests.edrv2.EdrCacheApiEndToEndTest","org.eclipse.tractusx.edc.tests.edrv2.EdrCacheApiEndToEndTest","refreshEdr"
"","5123","httpPushDataTransfer()","","Tue Nov 25 18:55:41 UTC 2025","passed","Tue Nov 25 18:55:46 UTC 2025","","org.eclipse.tractusx.edc.tests.transfer.TransferPushEndToEndTest.Dsp08to08","org.eclipse.tractusx.edc.tests.transfer.TransferPushEndToEndTest$Dsp08to08","httpPushDataTransfer"
"","27","Policy is accepted ""Contract reference""","","Tue Nov 25 18:51:53 UTC 2025","passed","Tue Nov 25 18:51:53 UTC 2025","","org.eclipse.tractusx.edc.tests.policy.PolicyDefinitionEndToEndTest","org.eclipse.tractusx.edc.tests.policy.PolicyDefinitionEndToEndTest","shouldNotAcceptInvalidNamespacePolicyDefinitions"
"","221","Verify that the consumer receives only the offers he is permitted to (using the legacy BPN validation)","","Tue Nov 25 18:52:18 UTC 2025","passed","Tue Nov 25 18:52:19 UTC 2025","","org.eclipse.tractusx.edc.tests.catalog.CatalogTest","org.eclipse.tractusx.edc.tests.catalog.CatalogTest","requestCatalog_filteredByBpnLegacy_shouldReject"
"","3062","transferData_unsuccessful_notReturnOriginalSourceResponseCode_withTerminate()","","Tue Nov 25 18:54:36 UTC 2025","passed","Tue Nov 25 18:54:39 UTC 2025","","org.eclipse.tractusx.edc.tests.transfer.TransferPullEndToEndTest.Dsp2025to2025","org.eclipse.tractusx.edc.tests.transfer.TransferPullEndToEndTest$Dsp2025to2025","transferData_unsuccessful_notReturnOriginalSourceResponseCode_withTerminate"
"","2619","Contract policy is fulfilled ""MembershipCredential""","","Tue Nov 25 18:53:41 UTC 2025","passed","Tue Nov 25 18:53:44 UTC 2025","","org.eclipse.tractusx.edc.tests.transfer.DimConsumerPullTest","org.eclipse.tractusx.edc.tests.transfer.DimConsumerPullTest","transferData_whenContractPolicyFulfilled"
"","2053","transferFile_success(Vault)","","Tue Nov 25 18:52:25 UTC 2025","passed","Tue Nov 25 18:52:27 UTC 2025","","org.eclipse.tractusx.edc.dataplane.transfer.test.AzureToAzureTest","org.eclipse.tractusx.edc.dataplane.transfer.test.AzureToAzureTest","transferFile_success"
"","61","Policy is accepted ""Usage Purpose""","","Tue Nov 25 18:51:51 UTC 2025","passed","Tue Nov 25 18:51:51 UTC 2025","","org.eclipse.tractusx.edc.tests.policy.PolicyDefinitionEndToEndTest","org.eclipse.tractusx.edc.tests.policy.PolicyDefinitionEndToEndTest","shouldAcceptValidPolicyDefinitions"
"","15627","discoveryShouldReturn500_whenProviderEndpointNotReachable()","","Tue Nov 25 18:52:31 UTC 2025","passed","Tue Nov 25 18:52:47 UTC 2025","","org.eclipse.tractusx.edc.discovery.e2e.DiscoveryTest","org.eclipse.tractusx.edc.discovery.e2e.DiscoveryTest","discoveryShouldReturn500_whenProviderEndpointNotReachable"
"","2488","Refresh token is null or empty (missing) [1] null","","Tue Nov 25 18:52:17 UTC 2025","passed","Tue Nov 25 18:52:20 UTC 2025","","org.eclipse.tractusx.edc.dataplane.tokenrefresh.e2e.DataPlaneTokenRefreshEndToEndTest","org.eclipse.tractusx.edc.dataplane.tokenrefresh.e2e.DataPlaneTokenRefreshEndToEndTest","refresh_invalidRefreshToken"
"","3823","transferData_privateBackend_withConsumerDataPlane()","","Tue Nov 25 18:53:21 UTC 2025","passed","Tue Nov 25 18:53:25 UTC 2025","","org.eclipse.tractusx.edc.tests.transfer.TransferPullEndToEndTest.Dsp08to08","org.eclipse.tractusx.edc.tests.transfer.TransferPullEndToEndTest$Dsp08to08","transferData_privateBackend_withConsumerDataPlane"
"","5","verifyCorrectParticipantAgentId_forDsp08(DataspaceProfileContextRegistry)","","Tue Nov 25 18:53:58 UTC 2025","passed","Tue Nov 25 18:53:58 UTC 2025","","org.eclipse.tractusx.edc.tests.transfer.IdentityExtractionTest","org.eclipse.tractusx.edc.tests.transfer.IdentityExtractionTest","verifyCorrectParticipantAgentId_forDsp08"
"","4089","transferData_success_withProxyOriginalResponse()","","Tue Nov 25 18:53:51 UTC 2025","passed","Tue Nov 25 18:53:56 UTC 2025","","org.eclipse.tractusx.edc.tests.transfer.TransferPullEndToEndTest.Dsp08to08","org.eclipse.tractusx.edc.tests.transfer.TransferPullEndToEndTest$Dsp08to08","transferData_success_withProxyOriginalResponse"
"","27","Policy is accepted ""ContractTermination""","","Tue Nov 25 18:51:53 UTC 2025","passed","Tue Nov 25 18:51:54 UTC 2025","","org.eclipse.tractusx.edc.tests.policy.PolicyDefinitionEndToEndTest","org.eclipse.tractusx.edc.tests.policy.PolicyDefinitionEndToEndTest","shouldNotAcceptInvalidNamespacePolicyDefinitions"
"","149","Policy is not accepted ""Usage policy with empty permission""","","Tue Nov 25 18:51:52 UTC 2025","passed","Tue Nov 25 18:51:52 UTC 2025","","org.eclipse.tractusx.edc.tests.policy.PolicyDefinitionEndToEndTest","org.eclipse.tractusx.edc.tests.policy.PolicyDefinitionEndToEndTest","shouldNotAcceptInvalidPolicyDefinitions"
"","2045","transferFile_s3ToAzure(Vault)","","Tue Nov 25 18:52:47 UTC 2025","passed","Tue Nov 25 18:52:49 UTC 2025","","org.eclipse.tractusx.edc.dataplane.transfer.test.MultiCloudTest","org.eclipse.tractusx.edc.dataplane.transfer.test.MultiCloudTest","transferFile_s3ToAzure"
"","34","Policy is accepted ""Data Usage End Date""","","Tue Nov 25 18:51:53 UTC 2025","passed","Tue Nov 25 18:51:53 UTC 2025","","org.eclipse.tractusx.edc.tests.policy.PolicyDefinitionEndToEndTest","org.eclipse.tractusx.edc.tests.policy.PolicyDefinitionEndToEndTest","shouldNotAcceptInvalidNamespacePolicyDefinitions"
"","122","discoveryShouldReturn2025DspParams()","","Tue Nov 25 18:52:31 UTC 2025","passed","Tue Nov 25 18:52:31 UTC 2025","","org.eclipse.tractusx.edc.discovery.e2e.DiscoveryTest","org.eclipse.tractusx.edc.discovery.e2e.DiscoveryTest","discoveryShouldReturn2025DspParams"
"","27","Policy is not accepted ""Policy with different actions types""","","Tue Nov 25 18:51:52 UTC 2025","passed","Tue Nov 25 18:51:52 UTC 2025","","org.eclipse.tractusx.edc.tests.policy.PolicyDefinitionEndToEndTest","org.eclipse.tractusx.edc.tests.policy.PolicyDefinitionEndToEndTest","shouldNotAcceptInvalidPolicyDefinitions"
"","181","refreshEdr_whenNotFound()","","Tue Nov 25 18:52:34 UTC 2025","passed","Tue Nov 25 18:52:34 UTC 2025","","org.eclipse.tractusx.edc.tests.edrv2.EdrCacheApiEndToEndTest","org.eclipse.tractusx.edc.tests.edrv2.EdrCacheApiEndToEndTest","refreshEdr_whenNotFound"
"","32","Policy is not accepted ""Usage policy permission with not allowed constraints""","","Tue Nov 25 18:51:53 UTC 2025","passed","Tue Nov 25 18:51:53 UTC 2025","","org.eclipse.tractusx.edc.tests.policy.PolicyDefinitionEndToEndTest","org.eclipse.tractusx.edc.tests.policy.PolicyDefinitionEndToEndTest","shouldNotAcceptInvalidPolicyDefinitions"
"","1055","shouldFail_whenDestinationBucketDoesNotExist()","","Tue Nov 25 18:53:03 UTC 2025","passed","Tue Nov 25 18:53:04 UTC 2025","","org.eclipse.tractusx.edc.dataplane.transfer.test.S3ToS3Test","org.eclipse.tractusx.edc.dataplane.transfer.test.S3ToS3Test","shouldFail_whenDestinationBucketDoesNotExist"
"","3350","transferData_privateBackend()","","Tue Nov 25 18:54:27 UTC 2025","passed","Tue Nov 25 18:54:30 UTC 2025","","org.eclipse.tractusx.edc.tests.transfer.TransferPullEndToEndTest.Dsp2025to2025","org.eclipse.tractusx.edc.tests.transfer.TransferPullEndToEndTest$Dsp2025to2025","transferData_privateBackend"
"","27","Policy is accepted ""MembershipCredential""","","Tue Nov 25 18:51:53 UTC 2025","passed","Tue Nov 25 18:51:53 UTC 2025","","org.eclipse.tractusx.edc.tests.policy.PolicyDefinitionEndToEndTest","org.eclipse.tractusx.edc.tests.policy.PolicyDefinitionEndToEndTest","shouldNotAcceptInvalidNamespacePolicyDefinitions"
"","5","verifyAgentId_whenNoMembershipCredential_forDsp08(DataspaceProfileContextRegistry)","","Tue Nov 25 18:53:58 UTC 2025","passed","Tue Nov 25 18:53:58 UTC 2025","","org.eclipse.tractusx.edc.tests.transfer.IdentityExtractionTest","org.eclipse.tractusx.edc.tests.transfer.IdentityExtractionTest","verifyAgentId_whenNoMembershipCredential_forDsp08"
"","2050","transferFile_targetContainerNotExist_shouldFail(Vault)","","Tue Nov 25 18:52:29 UTC 2025","passed","Tue Nov 25 18:52:31 UTC 2025","","org.eclipse.tractusx.edc.dataplane.transfer.test.AzureToAzureTest","org.eclipse.tractusx.edc.dataplane.transfer.test.AzureToAzureTest","transferFile_targetContainerNotExist_shouldFail"
"","3123","Verify the refresh endpoint is not called when auto_refresh=false","","Tue Nov 25 18:52:30 UTC 2025","passed","Tue Nov 25 18:52:33 UTC 2025","","org.eclipse.tractusx.edc.tests.edrv2.EdrCacheApiEndToEndTest","org.eclipse.tractusx.edc.tests.edrv2.EdrCacheApiEndToEndTest","getEdrWithRefresh_whenNotAutorefresh_shouldNotCallEndpoint"
"","50","Policy is accepted ""Empty Policy""","","Tue Nov 25 18:51:52 UTC 2025","passed","Tue Nov 25 18:51:52 UTC 2025","","org.eclipse.tractusx.edc.tests.policy.PolicyDefinitionEndToEndTest","org.eclipse.tractusx.edc.tests.policy.PolicyDefinitionEndToEndTest","shouldAcceptValidPolicyDefinitions"
"","164","triggerDataTransfer_shouldFail_whenDataFlowIsNotInStartedState()","","Tue Nov 25 18:52:22 UTC 2025","passed","Tue Nov 25 18:52:22 UTC 2025","","org.eclipse.tractusx.edc.tests.transfer.DataFlowApiEndToEndTest","org.eclipse.tractusx.edc.tests.transfer.DataFlowApiEndToEndTest","triggerDataTransfer_shouldFail_whenDataFlowIsNotInStartedState"
"","59","Expect the Catalog request to fail if a credential is expired","","Tue Nov 25 18:54:29 UTC 2025","passed","Tue Nov 25 18:54:29 UTC 2025","","org.eclipse.tractusx.edc.tests.transfer.StsConsumerPullTest","org.eclipse.tractusx.edc.tests.transfer.StsConsumerPullTest","catalogRequest_whenCredentialExpired"
"","171","Verify the refresh endpoint is not called when token not yet expired","","Tue Nov 25 18:52:34 UTC 2025","passed","Tue Nov 25 18:52:34 UTC 2025","","org.eclipse.tractusx.edc.tests.edrv2.EdrCacheApiEndToEndTest","org.eclipse.tractusx.edc.tests.edrv2.EdrCacheApiEndToEndTest","getEdrWithRefresh_notExpired_shouldNotCallEndpoint"
"","5967","httpPushDataTransfer_withLegacyUsagePolicy()","","Tue Nov 25 18:55:35 UTC 2025","passed","Tue Nov 25 18:55:41 UTC 2025","","org.eclipse.tractusx.edc.tests.transfer.TransferPushEndToEndTest.Dsp08to08","org.eclipse.tractusx.edc.tests.transfer.TransferPushEndToEndTest$Dsp08to08","httpPushDataTransfer_withLegacyUsagePolicy"
"","179","4.3.3 Verify invalid access token - jti","","Tue Nov 25 18:51:16 UTC 2025","passed","Tue Nov 25 18:51:16 UTC 2025","","org.eclipse.dataspacetck.dcp.verification.presentation.verifier.PresentationFlowSection4Test","org.eclipse.dataspacetck.dcp.verification.presentation.verifier.PresentationFlowSection4Test","verifier_04_03_03_idTokenJtiUsedTwice"
"","32","Policy is accepted ""DataExchangeGovernance use case""","","Tue Nov 25 18:51:53 UTC 2025","passed","Tue Nov 25 18:51:53 UTC 2025","","org.eclipse.tractusx.edc.tests.policy.PolicyDefinitionEndToEndTest","org.eclipse.tractusx.edc.tests.policy.PolicyDefinitionEndToEndTest","shouldNotAcceptInvalidNamespacePolicyDefinitions"
"","62","Policy is accepted ""Jurisdiction Location""","","Tue Nov 25 18:51:51 UTC 2025","passed","Tue Nov 25 18:51:51 UTC 2025","","org.eclipse.tractusx.edc.tests.policy.PolicyDefinitionEndToEndTest","org.eclipse.tractusx.edc.tests.policy.PolicyDefinitionEndToEndTest","shouldAcceptValidPolicyDefinitions"
"","2980","transferData_privateBackend_withConsumerDataPlane()","","Tue Nov 25 18:54:30 UTC 2025","passed","Tue Nov 25 18:54:33 UTC 2025","","org.eclipse.tractusx.edc.tests.transfer.TransferPullEndToEndTest.Dsp2025to2025","org.eclipse.tractusx.edc.tests.transfer.TransferPullEndToEndTest$Dsp2025to2025","transferData_privateBackend_withConsumerDataPlane"
"","82","Policy is accepted ""Affiliates Region (IS_ANY_OF, one element)""","","Tue Nov 25 18:51:51 UTC 2025","passed","Tue Nov 25 18:51:51 UTC 2025","","org.eclipse.tractusx.edc.tests.policy.PolicyDefinitionEndToEndTest","org.eclipse.tractusx.edc.tests.policy.PolicyDefinitionEndToEndTest","shouldAcceptValidPolicyDefinitions"
"","4568","transferData_privateBackend()","","Tue Nov 25 18:53:16 UTC 2025","passed","Tue Nov 25 18:53:21 UTC 2025","","org.eclipse.tractusx.edc.tests.transfer.TransferPullEndToEndTest.Dsp08to08","org.eclipse.tractusx.edc.tests.transfer.TransferPullEndToEndTest$Dsp08to08","transferData_privateBackend"
"","2402","The refresh token does not match the stored one","","Tue Nov 25 18:52:25 UTC 2025","passed","Tue Nov 25 18:52:27 UTC 2025","","org.eclipse.tractusx.edc.dataplane.tokenrefresh.e2e.DataPlaneTokenRefreshEndToEndTest","org.eclipse.tractusx.edc.dataplane.tokenrefresh.e2e.DataPlaneTokenRefreshEndToEndTest","refresh_withWrongRefreshToken"
"","5097","httpPushDataTransfer()","","Tue Nov 25 18:56:22 UTC 2025","passed","Tue Nov 25 18:56:27 UTC 2025","","org.eclipse.tractusx.edc.tests.transfer.TransferPushEndToEndTest.Dsp2025to2025","org.eclipse.tractusx.edc.tests.transfer.TransferPushEndToEndTest$Dsp2025to2025","httpPushDataTransfer"
"","6953","transferData_withExpiredEdr_shouldReturn4xx()","","Tue Nov 25 18:57:03 UTC 2025","passed","Tue Nov 25 18:57:10 UTC 2025","","org.eclipse.tractusx.edc.tests.transfer.TransferWithTokenRefreshTest","org.eclipse.tractusx.edc.tests.transfer.TransferWithTokenRefreshTest","transferData_withExpiredEdr_shouldReturn4xx"
"","49","4.3.3 Verify invalid access token - incorrect aud","","Tue Nov 25 18:51:16 UTC 2025","passed","Tue Nov 25 18:51:16 UTC 2025","","org.eclipse.dataspacetck.dcp.verification.presentation.verifier.PresentationFlowSection4Test","org.eclipse.dataspacetck.dcp.verification.presentation.verifier.PresentationFlowSection4Test","verifier_04_03_03_idTokenIncorrectAud"
"","60","Policy is accepted ""Liability""","","Tue Nov 25 18:51:51 UTC 2025","passed","Tue Nov 25 18:51:51 UTC 2025","","org.eclipse.tractusx.edc.tests.policy.PolicyDefinitionEndToEndTest","org.eclipse.tractusx.edc.tests.policy.PolicyDefinitionEndToEndTest","shouldAcceptValidPolicyDefinitions"
"","82","Policy is accepted ""Confidential Information Sharing""","","Tue Nov 25 18:51:52 UTC 2025","passed","Tue Nov 25 18:51:52 UTC 2025","","org.eclipse.tractusx.edc.tests.policy.PolicyDefinitionEndToEndTest","org.eclipse.tractusx.edc.tests.policy.PolicyDefinitionEndToEndTest","shouldAcceptValidPolicyDefinitions"
"","2381","The authentication token has a invalid id","","Tue Nov 25 18:52:22 UTC 2025","passed","Tue Nov 25 18:52:25 UTC 2025","","org.eclipse.tractusx.edc.dataplane.tokenrefresh.e2e.DataPlaneTokenRefreshEndToEndTest","org.eclipse.tractusx.edc.dataplane.tokenrefresh.e2e.DataPlaneTokenRefreshEndToEndTest","refresh_invalidTokenId"
"","197","refreshEdr_whenNotAuthorized()","","Tue Nov 25 18:52:40 UTC 2025","passed","Tue Nov 25 18:52:40 UTC 2025","","org.eclipse.tractusx.edc.tests.edrv2.EdrCacheApiEndToEndTest","org.eclipse.tractusx.edc.tests.edrv2.EdrCacheApiEndToEndTest","refreshEdr_whenNotAuthorized"
"","210","Verify HTTP 403 response when refreshing the token is not allowed","","Tue Nov 25 18:52:34 UTC 2025","passed","Tue Nov 25 18:52:34 UTC 2025","","org.eclipse.tractusx.edc.tests.edrv2.EdrCacheApiEndToEndTest","org.eclipse.tractusx.edc.tests.edrv2.EdrCacheApiEndToEndTest","getEdrWithRefresh_unauthorized"
"","51","Policy is accepted ""Precedence""","","Tue Nov 25 18:51:53 UTC 2025","passed","Tue Nov 25 18:51:53 UTC 2025","","org.eclipse.tractusx.edc.tests.policy.PolicyDefinitionEndToEndTest","org.eclipse.tractusx.edc.tests.policy.PolicyDefinitionEndToEndTest","shouldNotAcceptInvalidNamespacePolicyDefinitions"
"","10663","transferData_withTerminate()","","Tue Nov 25 18:53:37 UTC 2025","passed","Tue Nov 25 18:53:47 UTC 2025","","org.eclipse.tractusx.edc.tests.transfer.TransferPullEndToEndTest.Dsp08to08","org.eclipse.tractusx.edc.tests.transfer.TransferPullEndToEndTest$Dsp08to08","transferData_withTerminate"
"","2296","shouldDelegateAuth()","","Tue Nov 25 18:52:05 UTC 2025","passed","Tue Nov 25 18:52:07 UTC 2025","","org.eclipse.tractusx.edc.tests.auth.DelegatedAuthEndToEndTest","org.eclipse.tractusx.edc.tests.auth.DelegatedAuthEndToEndTest","shouldDelegateAuth"
"","238","Verify that the consumer receives only the offers he is permitted to (using the new BPN validation)","","Tue Nov 25 18:52:18 UTC 2025","passed","Tue Nov 25 18:52:18 UTC 2025","","org.eclipse.tractusx.edc.tests.catalog.CatalogTest","org.eclipse.tractusx.edc.tests.catalog.CatalogTest","requestCatalog_filteredByBpn_shouldReject"
"","5904","transferData_withSuspendResume()","","Tue Nov 25 18:55:04 UTC 2025","passed","Tue Nov 25 18:55:10 UTC 2025","","org.eclipse.tractusx.edc.tests.transfer.TransferPullEndToEndTest.Dsp2025to2025","org.eclipse.tractusx.edc.tests.transfer.TransferPullEndToEndTest$Dsp2025to2025","transferData_withSuspendResume"
"","2424","The Authorization header is empty","","Tue Nov 25 18:52:15 UTC 2025","passed","Tue Nov 25 18:52:17 UTC 2025","","org.eclipse.tractusx.edc.dataplane.tokenrefresh.e2e.DataPlaneTokenRefreshEndToEndTest","org.eclipse.tractusx.edc.dataplane.tokenrefresh.e2e.DataPlaneTokenRefreshEndToEndTest","refresh_emptyAuthHeader"
"","150","triggerDataTransfer_shouldFail_whenDataFlowDoesNotExist()","","Tue Nov 25 18:52:22 UTC 2025","passed","Tue Nov 25 18:52:23 UTC 2025","","org.eclipse.tractusx.edc.tests.transfer.DataFlowApiEndToEndTest","org.eclipse.tractusx.edc.tests.transfer.DataFlowApiEndToEndTest","triggerDataTransfer_shouldFail_whenDataFlowDoesNotExist"
"","7499","transferData_withAutomaticRefresh()","","Tue Nov 25 18:56:56 UTC 2025","passed","Tue Nov 25 18:57:03 UTC 2025","","org.eclipse.tractusx.edc.tests.transfer.TransferWithTokenRefreshTest","org.eclipse.tractusx.edc.tests.transfer.TransferWithTokenRefreshTest","transferData_withAutomaticRefresh"
"","26","Policy is accepted ""Confidential Information Sharing""","","Tue Nov 25 18:51:54 UTC 2025","passed","Tue Nov 25 18:51:54 UTC 2025","","org.eclipse.tractusx.edc.tests.policy.PolicyDefinitionEndToEndTest","org.eclipse.tractusx.edc.tests.policy.PolicyDefinitionEndToEndTest","shouldNotAcceptInvalidNamespacePolicyDefinitions"
"","51","4.3.3 Verify invalid access token - auth token bound to a different iss/sub","","Tue Nov 25 18:51:15 UTC 2025","passed","Tue Nov 25 18:51:16 UTC 2025","","org.eclipse.dataspacetck.dcp.verification.presentation.verifier.PresentationFlowSection4Test","org.eclipse.dataspacetck.dcp.verification.presentation.verifier.PresentationFlowSection4Test","verifier_04_03_03_idTokenInvalidIssuerSub"
"","2050","transferMultipleFiles()","","Tue Nov 25 18:53:15 UTC 2025","passed","Tue Nov 25 18:53:17 UTC 2025","","org.eclipse.tractusx.edc.dataplane.transfer.test.S3ToS3Test","org.eclipse.tractusx.edc.dataplane.transfer.test.S3ToS3Test","transferMultipleFiles"
"","4189","transferData_successful_notReturnOriginalSourceResponseCode_withTerminate()","","Tue Nov 25 18:55:10 UTC 2025","passed","Tue Nov 25 18:55:15 UTC 2025","","org.eclipse.tractusx.edc.tests.transfer.TransferPullEndToEndTest.Dsp2025to2025","org.eclipse.tractusx.edc.tests.transfer.TransferPullEndToEndTest$Dsp2025to2025","transferData_successful_notReturnOriginalSourceResponseCode_withTerminate"
"","6979","transferData_withSuspendResume()","","Tue Nov 25 18:53:56 UTC 2025","passed","Tue Nov 25 18:54:03 UTC 2025","","org.eclipse.tractusx.edc.tests.transfer.TransferPullEndToEndTest.Dsp08to08","org.eclipse.tractusx.edc.tests.transfer.TransferPullEndToEndTest$Dsp08to08","transferData_withSuspendResume"
"","116","5.4.3.6 Verifier should reject Presentations where at least 1 credential is revoked/suspended","","Tue Nov 25 18:51:16 UTC 2025","passed","Tue Nov 25 18:51:16 UTC 2025","","org.eclipse.dataspacetck.dcp.verification.presentation.verifier.PresentationFlowSection5Test","org.eclipse.dataspacetck.dcp.verification.presentation.verifier.PresentationFlowSection5Test","verifier_05_04_03_06_presentationResponse_credentialRevoked"
"","50","Policy is accepted ""Access policy with empty permission""","","Tue Nov 25 18:51:52 UTC 2025","passed","Tue Nov 25 18:51:52 UTC 2025","","org.eclipse.tractusx.edc.tests.policy.PolicyDefinitionEndToEndTest","org.eclipse.tractusx.edc.tests.policy.PolicyDefinitionEndToEndTest","shouldAcceptValidPolicyDefinitions"
"","26","Policy is accepted ""Data Frequency""","","Tue Nov 25 18:51:53 UTC 2025","passed","Tue Nov 25 18:51:53 UTC 2025","","org.eclipse.tractusx.edc.tests.policy.PolicyDefinitionEndToEndTest","org.eclipse.tractusx.edc.tests.policy.PolicyDefinitionEndToEndTest","shouldNotAcceptInvalidNamespacePolicyDefinitions"
"","14646","transferFile_largeFile(long, Vault) File size bytes: 1073741824","","Tue Nov 25 18:52:08 UTC 2025","passed","Tue Nov 25 18:52:23 UTC 2025","","org.eclipse.tractusx.edc.dataplane.transfer.test.AzureToAzureTest","org.eclipse.tractusx.edc.dataplane.transfer.test.AzureToAzureTest","transferFile_largeFile"
"","62","Policy is accepted ""Confidential Information Measures""","","Tue Nov 25 18:51:52 UTC 2025","passed","Tue Nov 25 18:51:52 UTC 2025","","org.eclipse.tractusx.edc.tests.policy.PolicyDefinitionEndToEndTest","org.eclipse.tractusx.edc.tests.policy.PolicyDefinitionEndToEndTest","shouldAcceptValidPolicyDefinitions"
"","33","Policy is accepted ""Warranty Definition""","","Tue Nov 25 18:51:53 UTC 2025","passed","Tue Nov 25 18:51:53 UTC 2025","","org.eclipse.tractusx.edc.tests.policy.PolicyDefinitionEndToEndTest","org.eclipse.tractusx.edc.tests.policy.PolicyDefinitionEndToEndTest","shouldNotAcceptInvalidNamespacePolicyDefinitions"
"","2120","transferFile_success()","","Tue Nov 25 18:53:01 UTC 2025","passed","Tue Nov 25 18:53:03 UTC 2025","","org.eclipse.tractusx.edc.dataplane.transfer.test.S3ToS3Test","org.eclipse.tractusx.edc.dataplane.transfer.test.S3ToS3Test","transferFile_success"
"","17538","Malicious actor should not impersonate a consumer sending a valid consumer VP","","Tue Nov 25 18:52:28 UTC 2025","passed","Tue Nov 25 18:52:46 UTC 2025","","org.eclipse.tractusx.edc.tests.transfer.CredentialSpoofTest","org.eclipse.tractusx.edc.tests.transfer.CredentialSpoofTest","shouldNotImpersonateConsumer_withConsumerPresentation"
"","11021","shouldTransferOneGbFile()","","Tue Nov 25 18:53:04 UTC 2025","passed","Tue Nov 25 18:53:15 UTC 2025","","org.eclipse.tractusx.edc.dataplane.transfer.test.S3ToS3Test","org.eclipse.tractusx.edc.dataplane.transfer.test.S3ToS3Test","shouldTransferOneGbFile"
"","2057","transferFolder_targetFolderNotExists_shouldCreate(Vault)","","Tue Nov 25 18:52:27 UTC 2025","passed","Tue Nov 25 18:52:29 UTC 2025","","org.eclipse.tractusx.edc.dataplane.transfer.test.AzureToAzureTest","org.eclipse.tractusx.edc.dataplane.transfer.test.AzureToAzureTest","transferFolder_targetFolderNotExists_shouldCreate"
"","2403","Consumer gets cached catalog with provider entry","","Tue Nov 25 18:52:38 UTC 2025","passed","Tue Nov 25 18:52:40 UTC 2025","","org.eclipse.tractusx.edc.tests.catalog.FederatedCatalogTest","org.eclipse.tractusx.edc.tests.catalog.FederatedCatalogTest","requestCatalog_fulfillsPolicy_shouldReturnOffer"
"","1960","BusinessPartnerCreated event is published","","Tue Nov 25 18:51:27 UTC 2025","passed","Tue Nov 25 18:51:29 UTC 2025","","org.eclipse.tractusx.edc.tests.bpn.events.BusinessPartnerEventTest","org.eclipse.tractusx.edc.tests.bpn.events.BusinessPartnerEventTest","shouldPublishBusinessPartnerCreatedEvent"
"","12417","shouldTerminateTransfer_whenPolicyExpires()","","Tue Nov 25 18:52:18 UTC 2025","passed","Tue Nov 25 18:52:30 UTC 2025","","org.eclipse.tractusx.edc.tests.policy.PolicyMonitorEndToEndTest","org.eclipse.tractusx.edc.tests.policy.PolicyMonitorEndToEndTest","shouldTerminateTransfer_whenPolicyExpires"
"","4002","transferData_failing_withProxyOriginalResponse()","","Tue Nov 25 18:53:33 UTC 2025","passed","Tue Nov 25 18:53:37 UTC 2025","","org.eclipse.tractusx.edc.tests.transfer.TransferPullEndToEndTest.Dsp08to08","org.eclipse.tractusx.edc.tests.transfer.TransferPullEndToEndTest$Dsp08to08","transferData_failing_withProxyOriginalResponse"
"","2052","transferFile_s3ToAzureMultipleFiles(Vault)","","Tue Nov 25 18:52:51 UTC 2025","passed","Tue Nov 25 18:52:53 UTC 2025","","org.eclipse.tractusx.edc.dataplane.transfer.test.MultiCloudTest","org.eclipse.tractusx.edc.dataplane.transfer.test.MultiCloudTest","transferFile_s3ToAzureMultipleFiles"
"","53","Policy is accepted ""Jurisdiction Location Reference""","","Tue Nov 25 18:51:51 UTC 2025","passed","Tue Nov 25 18:51:51 UTC 2025","","org.eclipse.tractusx.edc.tests.policy.PolicyDefinitionEndToEndTest","org.eclipse.tractusx.edc.tests.policy.PolicyDefinitionEndToEndTest","shouldAcceptValidPolicyDefinitions"
"","2348","The authentication token misses required claims: audience","","Tue Nov 25 18:52:30 UTC 2025","passed","Tue Nov 25 18:52:32 UTC 2025","","org.eclipse.tractusx.edc.dataplane.tokenrefresh.e2e.DataPlaneTokenRefreshEndToEndTest","org.eclipse.tractusx.edc.dataplane.tokenrefresh.e2e.DataPlaneTokenRefreshEndToEndTest","refresh_invalidAuthenticationToken_missingAudience"
"","39924","Catalog with 1000 offers","","Tue Nov 25 18:51:38 UTC 2025","passed","Tue Nov 25 18:52:18 UTC 2025","","org.eclipse.tractusx.edc.tests.catalog.CatalogTest","org.eclipse.tractusx.edc.tests.catalog.CatalogTest","requestCatalog_of1000Assets_shouldContainAll"
"","10429","httpPushNonFiniteDataTransfer()","","Tue Nov 25 18:56:27 UTC 2025","passed","Tue Nov 25 18:56:37 UTC 2025","","org.eclipse.tractusx.edc.tests.transfer.TransferPushEndToEndTest.Dsp2025to2025","org.eclipse.tractusx.edc.tests.transfer.TransferPushEndToEndTest$Dsp2025to2025","httpPushNonFiniteDataTransfer"
"","31","Policy is accepted ""Jurisdiction Location""","","Tue Nov 25 18:51:53 UTC 2025","passed","Tue Nov 25 18:51:53 UTC 2025","","org.eclipse.tractusx.edc.tests.policy.PolicyDefinitionEndToEndTest","org.eclipse.tractusx.edc.tests.policy.PolicyDefinitionEndToEndTest","shouldNotAcceptInvalidNamespacePolicyDefinitions"
"","2095","transferFile_s3ToAzureMultipleFiles_whenConsumerDefinesBloblName_success(Vault)","","Tue Nov 25 18:52:45 UTC 2025","passed","Tue Nov 25 18:52:47 UTC 2025","","org.eclipse.tractusx.edc.dataplane.transfer.test.MultiCloudTest","org.eclipse.tractusx.edc.dataplane.transfer.test.MultiCloudTest","transferFile_s3ToAzureMultipleFiles_whenConsumerDefinesBloblName_success"
"","2831","transferData_privateBackend_withConsumerDataPlane()","","Tue Nov 25 18:53:38 UTC 2025","passed","Tue Nov 25 18:53:41 UTC 2025","","org.eclipse.tractusx.edc.tests.transfer.DimConsumerPullTest","org.eclipse.tractusx.edc.tests.transfer.DimConsumerPullTest","transferData_privateBackend_withConsumerDataPlane"
"","289","Provider gets 400 when empty asset selector is used","","Tue Nov 25 18:52:21 UTC 2025","passed","Tue Nov 25 18:52:22 UTC 2025","","org.eclipse.tractusx.edc.tests.validators.EmptyAssetSelectorValidatorTest","org.eclipse.tractusx.edc.tests.validators.EmptyAssetSelectorValidatorTest","shouldFail_whenContractDefinitionHasEmptyAssetSelector"
"","4183","Contract policy is fulfilled ""MembershipCredential""","","Tue Nov 25 18:54:29 UTC 2025","passed","Tue Nov 25 18:54:33 UTC 2025","","org.eclipse.tractusx.edc.tests.transfer.StsConsumerPullTest","org.eclipse.tractusx.edc.tests.transfer.StsConsumerPullTest","transferData_whenContractPolicyFulfilled"
"","2","verifyCorrectParticipantAgentId_forDsp2025(DataspaceProfileContextRegistry)","","Tue Nov 25 18:53:58 UTC 2025","passed","Tue Nov 25 18:53:58 UTC 2025","","org.eclipse.tractusx.edc.tests.transfer.IdentityExtractionTest","org.eclipse.tractusx.edc.tests.transfer.IdentityExtractionTest","verifyCorrectParticipantAgentId_forDsp2025"
"","71","Policy is accepted ""Data Frequency""","","Tue Nov 25 18:51:51 UTC 2025","passed","Tue Nov 25 18:51:51 UTC 2025","","org.eclipse.tractusx.edc.tests.policy.PolicyDefinitionEndToEndTest","org.eclipse.tractusx.edc.tests.policy.PolicyDefinitionEndToEndTest","shouldAcceptValidPolicyDefinitions"
"","2093","trigger_shouldReturnSuccess_whenAllValidationsSucceed()","","Tue Nov 25 18:52:19 UTC 2025","passed","Tue Nov 25 18:52:21 UTC 2025","","org.eclipse.tractusx.edc.tests.transfer.DataFlowApiEndToEndTest","org.eclipse.tractusx.edc.tests.transfer.DataFlowApiEndToEndTest","trigger_shouldReturnSuccess_whenAllValidationsSucceed"
"","216","Verify HTTP 200 response and body when refreshing succeeds","","Tue Nov 25 18:52:40 UTC 2025","passed","Tue Nov 25 18:52:40 UTC 2025","","org.eclipse.tractusx.edc.tests.edrv2.EdrCacheApiEndToEndTest","org.eclipse.tractusx.edc.tests.edrv2.EdrCacheApiEndToEndTest","getEdrWithRefresh_success"
"","40","Verifier should resolve the DID from the prover's ID token","","Tue Nov 25 18:51:16 UTC 2025","passed","Tue Nov 25 18:51:16 UTC 2025","","org.eclipse.dataspacetck.dcp.verification.presentation.verifier.PresentationFlowSection5Test","org.eclipse.dataspacetck.dcp.verification.presentation.verifier.PresentationFlowSection5Test","presentationResponse_endpointDiscovery"
"","2394","Refresh token is null or empty (missing) [2] """"","","Tue Nov 25 18:52:20 UTC 2025","passed","Tue Nov 25 18:52:22 UTC 2025","","org.eclipse.tractusx.edc.dataplane.tokenrefresh.e2e.DataPlaneTokenRefreshEndToEndTest","org.eclipse.tractusx.edc.dataplane.tokenrefresh.e2e.DataPlaneTokenRefreshEndToEndTest","refresh_invalidRefreshToken"
"","4157","transferData_successful_notReturnOriginalSourceResponseCode_withTerminate()","","Tue Nov 25 18:54:03 UTC 2025","passed","Tue Nov 25 18:54:07 UTC 2025","","org.eclipse.tractusx.edc.tests.transfer.TransferPullEndToEndTest.Dsp08to08","org.eclipse.tractusx.edc.tests.transfer.TransferPullEndToEndTest$Dsp08to08","transferData_successful_notReturnOriginalSourceResponseCode_withTerminate"
"","3052","transferData_failing_withProxyOriginalResponse()","","Tue Nov 25 18:54:39 UTC 2025","passed","Tue Nov 25 18:54:43 UTC 2025","","org.eclipse.tractusx.edc.tests.transfer.TransferPullEndToEndTest.Dsp2025to2025","org.eclipse.tractusx.edc.tests.transfer.TransferPullEndToEndTest$Dsp2025to2025","transferData_failing_withProxyOriginalResponse"
"","52","5.4.3 Verifier should reject Presentations where the holder does not match the credentialSubject.id","","Tue Nov 25 18:51:16 UTC 2025","passed","Tue Nov 25 18:51:16 UTC 2025","","org.eclipse.dataspacetck.dcp.verification.presentation.verifier.PresentationFlowSection5Test","org.eclipse.dataspacetck.dcp.verification.presentation.verifier.PresentationFlowSection5Test","verifier_05_04_03_presentationResponse_holderNotEqualSubjectId"
"","4063","transferData_unsuccessful_notReturnOriginalSourceResponseCode_withTerminate()","","Tue Nov 25 18:53:29 UTC 2025","passed","Tue Nov 25 18:53:33 UTC 2025","","org.eclipse.tractusx.edc.tests.transfer.TransferPullEndToEndTest.Dsp08to08","org.eclipse.tractusx.edc.tests.transfer.TransferPullEndToEndTest$Dsp08to08","transferData_unsuccessful_notReturnOriginalSourceResponseCode_withTerminate"
"","2082","transferMultipleFile_success(Vault)","","Tue Nov 25 18:52:23 UTC 2025","passed","Tue Nov 25 18:52:25 UTC 2025","","org.eclipse.tractusx.edc.dataplane.transfer.test.AzureToAzureTest","org.eclipse.tractusx.edc.dataplane.transfer.test.AzureToAzureTest","transferMultipleFile_success"
"","33","Policy is accepted ""Affiliates Region""","","Tue Nov 25 18:51:53 UTC 2025","passed","Tue Nov 25 18:51:53 UTC 2025","","org.eclipse.tractusx.edc.tests.policy.PolicyDefinitionEndToEndTest","org.eclipse.tractusx.edc.tests.policy.PolicyDefinitionEndToEndTest","shouldNotAcceptInvalidNamespacePolicyDefinitions"
"","23","discoveryShouldReturn08DspParams_whenDidNotResolvable()","","Tue Nov 25 18:52:47 UTC 2025","passed","Tue Nov 25 18:52:47 UTC 2025","","org.eclipse.tractusx.edc.discovery.e2e.DiscoveryTest","org.eclipse.tractusx.edc.discovery.e2e.DiscoveryTest","discoveryShouldReturn08DspParams_whenDidNotResolvable"
"","109","Expect the Catalog request to fail if a credential is expired","","Tue Nov 25 18:53:41 UTC 2025","passed","Tue Nov 25 18:53:41 UTC 2025","","org.eclipse.tractusx.edc.tests.transfer.DimConsumerPullTest","org.eclipse.tractusx.edc.tests.transfer.DimConsumerPullTest","catalogRequest_whenCredentialExpired"
"","96","Expect the Catalog request to fail if a credential is revoked","","Tue Nov 25 18:54:29 UTC 2025","passed","Tue Nov 25 18:54:29 UTC 2025","","org.eclipse.tractusx.edc.tests.transfer.StsConsumerPullTest","org.eclipse.tractusx.edc.tests.transfer.StsConsumerPullTest","catalogRequest_whenCredentialRevoked"
"","66","Policy is accepted ""Exclusive Usage""","","Tue Nov 25 18:51:52 UTC 2025","passed","Tue Nov 25 18:51:52 UTC 2025","","org.eclipse.tractusx.edc.tests.policy.PolicyDefinitionEndToEndTest","org.eclipse.tractusx.edc.tests.policy.PolicyDefinitionEndToEndTest","shouldAcceptValidPolicyDefinitions"
"","65","5.1 Verifier should accept a valid PresentationResponseMessage","","Tue Nov 25 18:51:17 UTC 2025","passed","Tue Nov 25 18:51:17 UTC 2025","","org.eclipse.dataspacetck.dcp.verification.presentation.verifier.PresentationFlowSection5Test","org.eclipse.dataspacetck.dcp.verification.presentation.verifier.PresentationFlowSection5Test","verifier_05_01_presentationResponse_success"
